route_short_name,mean_gap,median_gap,first,last,trip_count
1,0 days 00:30:03.404850,0 days 00:30:00,0 days 09:00:18,0 days 14:58:00,76
10,0 days 00:20:14.626315,0 days 00:20:00,0 days 09:00:00,0 days 14:59:38,102
101,0 days 00:30:31.464015,0 days 00:30:00,0 days 09:00:26,0 days 15:00:00,66
105,0 days 00:28:56.581632,0 days 00:30:00,0 days 09:00:06,0 days 14:59:58,66
106,0 days 00:15:09.703869,0 days 00:15:00,0 days 09:00:00,0 days 15:00:00,133
107,0 days 00:15:05.263622,0 days 00:15:00,0 days 09:00:00,0 days 15:00:00,150
11,0 days 00:20:06.045720,0 days 00:20:00,0 days 09:00:00,0 days 15:00:00,102
111,0 days 00:30:21.021252,0 days 00:30:00,0 days 09:00:00,0 days 15:00:00,53
118,0 days 01:26:42.819444,0 days 01:30:00,0 days 09:01:00,0 days 14:54:00,14
12,0 days 00:20:17.205052,0 days 00:20:00,0 days 09:00:00,0 days 14:59:21,102
124,0 days 00:30:00.789590,0 days 00:30:00,0 days 09:00:00,0 days 15:00:00,81
125,0 days 00:30:06.034188,0 days 00:30:00,0 days 09:00:00,0 days 15:00:00,54
128,0 days 00:30:30.626712,0 days 00:30:00,0 days 09:00:01,0 days 14:59:37,72
13,0 days 00:28:47.335365,0 days 00:30:00,0 days 09:01:00,0 days 15:00:00,72
131,0 days 00:31:02.025471,0 days 00:30:00,0 days 09:00:10,0 days 15:00:00,68
132,0 days 00:30:01.031884,0 days 00:30:00,0 days 09:00:01,0 days 14:59:49,73
14,0 days 00:29:59.971377,0 days 00:30:00,0 days 09:00:00,0 days 14:59:47,78
148,0 days 01:00:00.551820,0 days 01:00:00,0 days 09:00:00,0 days 14:59:53,26
150,0 days 00:15:12.757135,0 days 00:15:00,0 days 09:00:04,0 days 15:00:00,119
156,0 days 00:30:07.429423,0 days 00:30:00,0 days 09:00:20,0 days 15:00:00,59
160,0 days 00:30:08.249652,0 days 00:30:00,0 days 09:00:02,0 days 15:00:00,80
161,0 days 00:30:01.405046,0 days 00:30:00,0 days 09:00:12,0 days 15:00:00,81
164,0 days 00:15:12.082490,0 days 00:15:00,0 days 09:00:00,0 days 15:00:00,126
166,0 days 00:30:16.339140,0 days 00:30:00,0 days 09:00:00,0 days 15:00:00,72
168,0 days 00:29:48.687569,0 days 00:30:00,0 days 09:00:01,0 days 14:59:30,70
181,0 days 00:30:17.376084,0 days 00:30:00,0 days 09:00:39,0 days 14:59:48,72
182,0 days 00:31:10.144053,0 days 00:30:08,0 days 09:00:00,0 days 14:59:11,58
183,0 days 00:30:05.846368,0 days 00:30:00,0 days 09:00:00,0 days 15:00:00,62
184,0 days 00:29:52.351851,0 days 00:30:00,0 days 09:00:14,0 days 14:59:58,71
187,0 days 00:31:23.085910,0 days 00:31:00,0 days 09:00:42,0 days 15:00:00,58
2,0 days 00:18:53.335873,0 days 00:15:00,0 days 09:00:00,0 days 15:00:00,139
203,0 days 00:30:15.310975,0 days 00:30:00,0 days 09:00:23,0 days 14:59:25,49
204,0 days 01:00:00.904977,0 days 01:00:00,0 days 09:00:00,0 days 15:00:00,20
21,0 days 00:22:50.653474,0 days 00:20:00,0 days 09:00:10,0 days 14:59:50,93
215,0 days 01:06:38.477876,0 days 01:29:00,0 days 09:02:00,0 days 15:00:00,48
220,0 days 00:30:00.195979,0 days 00:30:00,0 days 09:00:35,0 days 15:00:00,53
222,0 days 01:00:32.781847,0 days 01:00:00,0 days 09:00:27,0 days 14:59:52,30
223,0 days 00:30:13.680681,0 days 00:30:00,0 days 09:00:00,0 days 15:00:00,68
225,0 days 01:00:14.095424,0 days 01:00:00,0 days 09:00:29,0 days 14:59:53,30
226,0 days 00:32:43.199573,0 days 00:30:00,0 days 09:00:50,0 days 15:00:00,48
230,0 days 00:59:59.462724,0 days 01:00:00,0 days 09:00:21,0 days 14:59:31,28
231,0 days 01:00:00.740831,0 days 01:00:00,0 days 09:01:00,0 days 15:00:00,28
239,0 days 00:29:32.526892,0 days 00:30:00,0 days 09:00:01,0 days 14:59:52,64
24,0 days 00:30:01.280067,0 days 00:30:00,0 days 09:00:04,0 days 15:00:00,64
240,0 days 00:30:20.068396,0 days 00:30:00,0 days 09:00:00,0 days 14:59:50,62
245,0 days 00:30:16.533996,0 days 00:30:00,0 days 09:00:00,0 days 15:00:00,62
249,0 days 00:44:56.267532,0 days 00:45:00,0 days 09:01:00,0 days 14:59:00,42
250,0 days 00:30:04.193923,0 days 00:30:00,0 days 09:00:01,0 days 15:00:00,67
255,0 days 00:18:48.813559,0 days 00:20:00,0 days 09:00:16,0 days 14:59:58,114
269,0 days 00:30:05.352872,0 days 00:30:00,0 days 09:01:03,0 days 15:00:00,42
27,0 days 00:30:02.173838,0 days 00:30:00,0 days 09:00:17,0 days 14:59:09,50
270,0 days 00:33:09.422960,0 days 00:30:00,0 days 09:00:00,0 days 15:00:00,46
28,0 days 01:00:10.280155,0 days 01:00:00,0 days 09:00:30,0 days 14:59:39,52
3,0 days 00:30:07.961538,0 days 00:30:00,0 days 09:00:00,0 days 14:59:44,76
31,0 days 00:30:14.432589,0 days 00:30:00,0 days 09:00:00,0 days 15:00:00,62
32,0 days 00:30:18.665054,0 days 00:30:00,0 days 09:00:29,0 days 15:00:00,72
33,0 days 00:30:05.222778,0 days 00:30:00,0 days 09:00:00,0 days 14:59:43,50
331,0 days 00:30:09.005799,0 days 00:30:00,0 days 09:00:00,0 days 15:00:00,65
333,0 days 00:14:58.534556,0 days 00:15:00,0 days 09:00:15,0 days 15:00:00,128
345,0 days 00:29:54.825203,0 days 00:30:00,0 days 09:00:13,0 days 14:59:18,63
346,0 days 00:30:04.020661,0 days 00:30:00,0 days 09:00:09,0 days 14:59:41,62
348,0 days 00:30:09.015837,0 days 00:30:00,0 days 09:00:17,0 days 15:00:00,75
36,0 days 00:10:02.966708,0 days 00:10:00,0 days 09:00:00,0 days 15:00:00,222
365,0 days 00:29:53.300531,0 days 00:30:00,0 days 09:00:00,0 days 14:59:53,63
4,0 days 00:30:01.521916,0 days 00:30:00,0 days 09:01:07,0 days 15:00:00,90
40,0 days 00:15:14.131181,0 days 00:15:00,0 days 09:00:00,0 days 15:00:00,131
43,0 days 01:57:31.666666,0 days 01:57:33.500000,0 days 09:00:37,0 days 12:23:00,18
44,0 days 00:13:31.840727,0 days 00:13:00,0 days 09:00:00,0 days 15:00:00,156
45,0 days 00:15:10.830994,0 days 00:15:00,0 days 09:00:00,0 days 15:00:00,145
48,0 days 00:15:06.452954,0 days 00:15:00,0 days 09:00:00,0 days 15:00:00,142
49,0 days 00:19:38.958791,0 days 00:20:00,0 days 09:00:00,0 days 14:59:30,128
5,0 days 00:22:53.872282,0 days 00:20:00,0 days 09:00:00,0 days 15:00:00,92
50,0 days 00:30:11.227941,0 days 00:30:00,0 days 09:00:00,0 days 14:59:59,75
60,0 days 00:15:09.330711,0 days 00:15:00,0 days 09:00:00,0 days 15:00:00,128
61,0 days 00:15:04.000925,0 days 00:15:00,0 days 09:00:00,0 days 15:00:00,150
62,0 days 00:15:10.584977,0 days 00:15:00,0 days 09:00:00,0 days 15:00:00,135
631,0 days 00:35:00,0 days 00:35:00,0 days 09:00:34,0 days 14:57:00,48
635,0 days 00:31:59.409090,0 days 00:30:00,0 days 09:00:15,0 days 14:59:37,47
65,0 days 00:15:11.451766,0 days 00:15:00,0 days 09:00:00,0 days 15:00:00,131
67,0 days 00:15:13.302008,0 days 00:15:00,0 days 09:00:00,0 days 15:00:00,131
7,0 days 00:11:36.309418,0 days 00:10:00,0 days 09:00:00,0 days 15:00:00,212
70,0 days 00:14:47.183867,0 days 00:15:00,0 days 09:00:00,0 days 15:00:00,158
72,0 days 00:15:13.871075,0 days 00:15:00,0 days 09:00:00,0 days 15:00:00,146
75,0 days 00:15:22.953603,0 days 00:15:00,0 days 09:00:00,0 days 15:00:00,138
77,0 days 00:15:23.927750,0 days 00:15:00,0 days 09:00:00,0 days 15:00:00,138
773,0 days 00:27:49.886426,0 days 00:25:00,0 days 09:00:00,0 days 14:56:00,54
775,0 days 00:27:49.589189,0 days 00:25:00,0 days 09:00:00,0 days 14:59:52,62
8,0 days 00:15:09.691342,0 days 00:15:00,0 days 09:00:00,0 days 15:00:00,135
902,0 days 01:00:11.939577,0 days 01:00:00,0 days 09:00:00,0 days 15:00:00,24
903,0 days 01:00:13.628158,0 days 01:00:00,0 days 09:00:00,0 days 15:00:00,24
906,0 days 01:00:17.239436,0 days 01:00:00,0 days 09:20:00,0 days 14:58:00,21
914,0 days 00:59:28.058495,0 days 01:00:00,0 days 09:00:00,0 days 15:00:00,9
915,0 days 01:30:18.187500,0 days 01:30:00,0 days 09:50:00,0 days 14:54:00,12
917,0 days 01:01:17.540178,0 days 01:00:45.500000,0 days 09:03:00,0 days 14:58:06,18
930,0 days 01:00:00,0 days 01:00:00,0 days 09:00:00,0 days 15:00:00,28
973,0 days 00:40:00,0 days 00:40:00,0 days 09:05:00,0 days 15:00:00,43
975,0 days 01:30:00,0 days 01:30:00,0 days 09:55:00,0 days 14:45:00,14
A Line,0 days 00:12:05.432797,0 days 00:12:00,0 days 09:00:00,0 days 15:00:00,201
B Line,0 days 00:15:00.713450,0 days 00:15:00,0 days 09:00:00,0 days 15:00:00,139
C Line,0 days 00:15:07.040343,0 days 00:15:00,0 days 09:00:00,0 days 15:00:00,158
D Line,0 days 00:15:04.750991,0 days 00:15:00,0 days 09:00:00,0 days 15:00:00,157
E Line,0 days 00:10:04.231174,0 days 00:10:00,0 days 09:00:00,0 days 15:00:00,205
F Line,0 days 00:15:10.377792,0 days 00:15:00,0 days 09:00:12,0 days 15:00:00,130
G Line,0 days 00:06:00.052334,0 days 00:06:00,0 days 09:00:00,0 days 15:00:00,166
H Line,0 days 00:15:06.633663,0 days 00:15:00,0 days 09:00:00,0 days 15:00:00,165
Valley Shuttle,0 days 01:38:03.809523,0 days 01:39:00,0 days 09:03:00,0 days 14:59:00,16
