route_id,route_short_name,shape_id
100001,1,20001002
100002,10,11010006
100003,101,21101007
100004,105,20105004
100005,106,21106108
100006,107,10107002
100009,11,20011009
100011,111,10111006
100012,113,10113006
100016,118,21118002
100017,119,10119005
100018,12,11012004
100020,121,11121006
100023,124,21124051
100024,125,21125001
100026,128,11128003
100028,13,11013009
100030,131,21131009
100031,132,10132008
100039,14,10014002
100042,148,10148005
100045,150,21150008
100048,153,10153002
100057,164,41164003
100058,166,10166001
100060,168,30168005
100062,17,20017002
100072,181,30181007
100073,182,10182007
100074,183,21183008
100089,2,21002004
100101,21,21021011
100111,22,10022007
100132,24,20024005
100133,240,21240009
100136,245,21245017
100146,255,41255004
100160,269,10269011
100161,27,21027034
100169,28,20028004
100173,3,21003022
100177,303,11303006
100184,31,31031002
100193,32,40032003
100194,33,20033002
100196,331,30331013
100202,345,20345002
100203,346,20346004
100205,348,11348016
100210,36,10036009
100219,4,21004020
100223,43,11043004
100224,44,20044006
100225,45,40045003
100228,48,20048014
100229,5,20005006
100230,50,30050002
100232,522,11522006
100236,545,41545006
100242,56,21056005
100246,57,21057006
100249,60,10060003
100252,62,11062016
100254,65,11065008
100259,67,20067004
100263,7,10007006
100264,70,11070002
100269,75,11075008
100271,77,11077005
100272,773,20773002
100275,8,40008008
100289,9,10009006
100292,903,21903005
100297,914,41914001
100300,917,21917008
100336,973,31973002
100337,975,21975002
100340,South Lake Union Streetcar,20098020
100341,982,41982007
100344,986,31986009
100345,987,10987008
100346,988,21988007
100347,989,31989001
100447,49,11049009
100451,556,31556011
100459,218,30218008
100473,981,41981004
100481,775,20775004
100487,102,21102012
100489,156,40156004
100495,193,21193006
100496,930,41930003
100511,542,41542004
100512,A Line,21671008
102548,B Line,30672005
102552,226,10226017
102557,915,30915003
102558,931,30931004
102561,907,10907003
102574,40,11040003
102576,C Line,10673008
102581,D Line,11674006
102593,906,30906010
102615,E Line,11675008
102619,F Line,41676004
102634,630,41630001
102636,631,31631004
102638,First Hill Streetcar,11096003
102646,Trailhead Direct Issaquah Alps,30634008
102647,635,21635001
102650,Trailhead Direct Mt. Si,41636014
102652,204,10204005
102653,224,30224007
102698,Duvall-Monroe Shuttle,11627002
102699,Valley Shuttle,10629010
102701,225,11225009
102702,239,20239001
102703,231,20231002
102704,250,11250014
102705,230,20230001
102718,184,10184001
102719,161,10161007
102720,160,21160007
102729,322,11322006
102732,79,20079003
102734,566,10566002
102736,H Line,10678003
102744,365,20365002
102745,G Line,30677004
102746,333,11333007
102747,61,20061004
102752,223,10223012
102753,222,21222005
102754,256,11256006
102755,203,41203004
102756,249,20249011
102757,187,40187008
102763,Waterfront Shuttle,20616001
102764,220,11220003
102765,902,21902004
102766,270,41270004
102767,547,41547004
102768,72,20072002
102769,215,30215001
7994,Easy Loop,63424
