,service_id,start_date,end_date,dow
0,103294,20260902,20270326,special
1,125810,20260902,20270326,special
2,128191,20260902,20270326,special
3,1420,20260907,20260907,weekday
4,145779,20260831,20270326,weekday
5,147726,20260831,20270326,weekday
6,149182,20260831,20270326,weekday
7,151056,20260831,20270326,weekday
8,155767,20260831,20270326,weekday
9,1635,20260905,20260905,saturday
10,1877,20260829,20260905,saturday
11,1884,20260830,20260830,sunday
12,22865,20260831,20270219,special
13,24017,20260909,20270324,special
14,242,20260829,20260829,saturday
15,25246,20260831,20270308,special
16,2595,20260830,20260906,sunday
17,28463,20260829,20270320,special
18,29348,20260830,20270321,sunday
19,30098,20260829,20270320,saturday
20,31928,20260830,20270321,special
21,3291,20261126,20270101,special
22,33428,20260829,20270320,saturday
23,33797,20260830,20270321,sunday
24,34059,20260830,20270321,sunday
25,35933,20260830,20270321,sunday
26,4015,20260830,20260907,sunday
27,5277,20260904,20260925,weekday
28,6236,20260831,20260904,weekday
29,63424,20260829,20271231,weekday
30,711,20260906,20260906,sunday
